{
    "parent": "item/handheld",
    "textures": {
        "layer0": "item/brick"
    },
	"overrides": [
		{ "predicate": { "custom_model_data": 1 }, "model": "item/item/ice_dust"},
		{ "predicate": { "custom_model_data": 2 }, "model": "item/item/ice_crystal"},
		{ "predicate": { "custom_model_data": 3 }, "model": "item/item/material4"},
		{ "predicate": { "custom_model_data": 4 }, "model": "item/item/material2"},
		{ "predicate": { "custom_model_data": 5 }, "model": "item/item/material1"},
		{ "predicate": { "custom_model_data": 6 }, "model": "item/item/material3"},
		{ "predicate": { "custom_model_data": 7 }, "model": "item/item/materialmenu1"},
		{ "predicate": { "custom_model_data": 8 }, "model": "item/item/materialmenu2"},
		{ "predicate": { "custom_model_data": 9 }, "model": "item/item/materialmenu3"},
		{ "predicate": { "custom_model_data": 10 }, "model": "item/item/materialmenu4"},
		{ "predicate": { "custom_model_data": 11 }, "model": "item/item/materialmenu5"},
		{ "predicate": { "custom_model_data": 12 }, "model": "item/item/heart1"},
		{ "predicate": { "custom_model_data": 13 }, "model": "item/item/heart2"},
		{ "predicate": { "custom_model_data": 14 }, "model": "item/item/heart3"},
		{ "predicate": { "custom_model_data": 15 }, "model": "item/item/speedsphere"},
		{ "predicate": { "custom_model_data": 16 }, "model": "item/item/armorsphere"},
		{ "predicate": { "custom_model_data": 17 }, "model": "item/item/priv1"},
		{ "predicate": { "custom_model_data": 18 }, "model": "item/item/priv2"},
		{ "predicate": { "custom_model_data": 19 }, "model": "item/item/priv3"},
		{ "predicate": { "custom_model_data": 20 }, "model": "item/item/priv4"},
		{ "predicate": { "custom_model_data": 21 }, "model": "item/item/priv5"},
		{ "predicate": { "custom_model_data": 22 }, "model": "item/item/priv6"},
		{ "predicate": { "custom_model_data": 23 }, "model": "item/item/priv7"},
		{ "predicate": { "custom_model_data": 24 }, "model": "item/item/speedicon"},
		{ "predicate": { "custom_model_data": 25 }, "model": "item/item/strengthicon"},
		{ "predicate": { "custom_model_data": 26 }, "model": "item/item/wisdomicon"},
		{ "predicate": { "custom_model_data": 27 }, "model": "item/item/money"},
		{ "predicate": { "custom_model_data": 28 }, "model": "item/item/materiallocation1"},
		{ "predicate": { "custom_model_data": 29 }, "model": "item/item/materiallocation2"}
	]
}